--DROP TABLE state_computer_data ;
--DROP TABLE state_crime;
--DROP TABLE state_people ;
--DROP TABLE state_workforce;

CREATE TABLE state_computer_data(State text,
Persons_per_Household decimal,
Households_with_computer decimal,
Households_with_internet decimal);

INSERT INTO state_computer_data (State,Persons_per_Household,Households_with_computer,Households_with_internet) 
VALUES('Alaska',2.8,94.1,85.5),
	 ('Alabama',2.55, 85.5, 76.4),
	 ('Arizona',2.68,91.7,84.1),
	 ('Arkansas',2.52,86.2,73.0),
	 ('California',2.95,93.0,86.7),
	 ('Colorado',2.56,93.9,87.6),
	 ('Connecticut',2.53,90.8,85.5),
	 ('Delaware',2.57,91.6,85.0),
	 ('District of Columbia',2.3,91.8,82.6),
	 ('Florida',2.65,91.5,83.0),
	 ('Georgia',2.7,90.2,81.3),
	 ('Hawaii',3.0,91.2,84.8),
	 ('Idaho',2.68,91.8,82.7),
	 ('Illinois',2.57,89.9,82.7),
	 ('Indiana',2.52,88.7,80.1),
	 ('Iowa',2.4,89.0,80.8),
	 ('Kansas',2.51,90.0,81.8),
	 ('Kentucky',2.49,86.4,78.4),
	 ('Louisiana',2.61,85.6,75.5),
	 ('Maine',2.32,89.7,82.1),
	 ('Maryland',2.67,92.4,86.4),
	 ('Massachusetts',2.52,91.4,86.4),
	 ('Michigan',2.47,89.6,81.5),
	 ('Minnesota',2.49,91.6,84.8),
	 ('Mississippi',2.62,83.8,71.5),
	 ('Missouri',2.46,89.0,80.2),
	 ('Montana',2.39,88.9,80.7),
	 ('Nebraska',2.45,90.0,83.4),
	 ('Nevada',2.67,92.5,83.2),
	 ('New Hampshire',2.46,93.0,87.7),
	 ('New Jersey',2.69,91.4,85.8),
	 ('New Mexico',2.63,85.9,74.6),
	 ('New York',2.59,89.6,82.8),
	 ('North Carolina',2.52,89.1,80.7),
	 ('North Dakota',2.3,89.8,80.7),
	 ('Ohio',2.43,89.1,82.0),
	 ('Oklahoma',2.58,88.6,78.6),
	 ('Oregon',2.51,93.0,85.9),
	 ('Pennsylvania',2.45,88.0,81.5),
	 ('Rhode Island',2.47,89.1,84.0),
	 ('South Carolina',2.54,88.3,78.2),
	 ('South Dakota',2.43,88.5,80.7),
	 ('Tennessee',2.52,87.1,78.4),
	 ('Texas',2.85,91.0,81.9),
	 ('Utah',3.12,95.3,87.5),
	 ('Vermont',2.3,89.9,81.5),
	 ('Virginia',2.61,91.1,83.9),
	 ('Washington',2.55,93.8,88.3),
	 ('West Virginia',2.42,84.2,76.0),
	 ('Wisconsin',2.39,89.4,82.5),
	 ('Wyoming',2.46,91.8,83.4);
	 
CREATE TABLE state_people(State text,
Employment_Firms_Total decimal,
Age_Percent_Under_18_Years decimal,
Age_Percent_65_and_Older decimal);

INSERT INTO state_people (State,Employment_Firms_Total,Age_Percent_Under_18_Years,Age_Percent_65_and_Older) 
VALUES
	 ('Connecticut',326693,22.2,17.3),
	 ('Delaware',73418,24.6,12.5),
	 ('District of Columbia',63408,22.5,18.0),
	 ('Florida',2100187,23.2,17.4),
	 ('Georgia',929864,22.5,14.8),
	 ('Hawaii',118454,21.9,14.6),
	 ('Alabama',374153,20.4,17.7),
	 ('Alaska',68032,20.9,19.4),
	 ('Arizona',499926,18.2,12.4),
	 ('Arkansas',231959,19.7,20.9),
	 ('California',3548449,23.6,14.3),
	 ('Colorado',547352,21.2,19.0),
	 ('Louisiana',414291,25.1,16.3),
	 ('Maine',139570,22.2,16.1),
	 ('Montana',112419,23.3,16.1),
	 ('Nebraska',164089,23.0,17.5),
	 ('Nevada',227156,24.0,16.3),
	 ('New Hampshire',131638,22.4,16.8),
	 ('Idaho',146642,23.4,15.9),
	 ('Illinois',1135017,18.5,21.2),
	 ('Indiana',479059,22.1,15.9),
	 ('Iowa',259121,19.6,17.0),
	 ('Kansas',239118,21.5,17.7),
	 ('Kentucky',331546,23.1,16.3),
	 ('Oklahoma',327229,23.5,16.4),
	 ('Oregon',339305,22.3,17.3),
	 ('Maryland',531953,21.4,19.3),
	 ('Massachusetts',607664,24.6,16.2),
	 ('Michigan',834087,22.5,16.1),
	 ('Minnesota',489494,18.8,18.7),
	 ('Tennessee',550453,21.8,16.6),
	 ('Texas',2356748,22.7,18.0),
	 ('Utah',251419,20.7,16.9),
	 ('Vermont',75827,21.9,16.7),
	 ('Virginia',653193,23.6,15.7),
	 ('Washington',541522,22.1,17.5),
	 ('Mississippi',235454,24.1,16.1),
	 ('Missouri',491606,20.5,18.2),
	 ('Pennsylvania',975453,20.6,18.7),
	 ('Rhode Island',94642,19.3,17.7),
	 ('South Carolina',367726,21.6,18.2),
	 ('South Dakota',81314,24.5,17.2),
	 ('New Jersey',792088,22.1,16.7),
	 ('New Mexico',151363,25.5,12.9),
	 ('New York',2008988,29.0,11.4),
	 ('North Carolina',805985,18.3,20.0),
	 ('North Dakota',68270,21.8,15.9),
	 ('Ohio',904814,21.8,15.9),
	 ('West Virginia',114435,20.1,20.5),
	 ('Wisconsin',432980,21.8,17.5),
	 ('Wyoming',62427,23.1,17.1);
	
-- state_crime definition

CREATE TABLE state_crime (
	State VARCHAR(50),
	Crime_Year INTEGER,
	Population INTEGER,
	Rates_Property_Theft REAL,
	Rates_Violent_Robbery REAL,
	Totals_Property_Theft INTEGER,
	Totals_Violent_Robbery INTEGER
);

INSERT INTO state_crime (State,Crime_Year,Population,Rates_Property_Theft,Rates_Violent_Robbery,Totals_Property_Theft,Totals_Violent_Robbery) VALUES
	 ('Alabama',2019,4903185,531.9,80.4,26079,3941),
	 ('Alaska',2019,731545,487.1,112.9,3563,826),
	 ('Arizona',2019,7278717,394.3,88.1,28699,6410),
	 ('Arkansas',2019,3017804,599.6,51.6,18095,1557),
	 ('California',2019,39512223,386.1,132.4,152555,52301),
	 ('Colorado',2019,5758736,348.4,63.6,20064,3663),
	 ('Connecticut',2019,3565287,180.7,54.1,6441,1929),
	 ('Delaware',2019,973764,304.8,81.1,2968,790),
	 ('District of Columbia',2019,705749,261.1,384.4,1843,2713),
	 ('Florida',2019,21477737,295.2,75.5,63396,16217),
	 ('Georgia',2019,10617423,372.1,75.0,39506,7961),
	 ('Hawaii',2019,1415872,377.2,79.9,5340,1131),
	 ('Idaho',2019,1787065,219.7,8.7,3927,155),
	 ('Illinois',2019,12671821,271.7,98.4,34433,12464),
	 ('Indiana',2019,6732219,323.7,79.2,21795,5331),
	 ('Iowa',2019,3155070,371.1,27.4,11710,863),
	 ('Kansas',2019,2913314,342.7,44.4,9984,1293),
	 ('Kentucky',2019,4467673,345.7,48.4,15443,2161),
	 ('Louisiana',2019,4648794,579.0,86.6,26918,4025),
	 ('Maine',2019,1344212,174.8,14.0,2350,188),
	 ('Maryland',2019,6045680,278.9,152.2,16862,9203),
	 ('Massachusetts',2019,6892503,179.0,52.4,12341,3613),
	 ('Michigan',2019,9986857,286.1,53.6,28572,5350),
	 ('Minnesota',2019,5639632,282.4,55.8,15927,3149),
	 ('Mississippi',2019,2976149,627.0,57.1,18660,1700),
	 ('Missouri',2019,6137428,430.4,80.8,26414,4959),
	 ('Montana',2019,1068778,270.1,19.2,2887,205),
	 ('Nebraska',2019,1934408,245.3,40.9,4745,792),
	 ('Nevada',2019,3080156,503.5,106.7,15510,3286),
	 ('New Hampshire',2019,1359711,126.3,23.0,1717,313),
	 ('New Jersey',2019,8882190,184.6,64.5,16399,5730),
	 ('New Mexico',2019,2096829,696.8,111.6,14610,2341),
	 ('New York',2019,19453561,141.9,92.9,27600,18068),
	 ('North Carolina',2019,10488084,519.1,72.5,54447,7599),
	 ('North Dakota',2019,762062,342.2,23.5,2608,179),
	 ('Ohio',2019,11689100,375.5,75.7,43894,8846),
	 ('Oklahoma',2019,3956971,671.7,59.9,26577,2369),
	 ('Oregon',2019,4217737,349.1,54.0,14724,2276),
	 ('Pennsylvania',2019,12801989,182.4,76.1,23354,9743),
	 ('Rhode Island',2019,1059361,219.1,39.5,2321,418),
	 ('South Carolina',2019,5148714,533.4,64.0,27461,3294),
	 ('South Dakota',2019,884659,299.1,22.0,2646,195),
	 ('Tennessee',2019,6829174,437.4,90.1,29869,6150),
	 ('Texas',2019,28995881,392.8,100.0,113902,28988),
	 ('United States',2019,328239523,340.5,81.6,1117696,267988),
	 ('Utah',2019,3205958,276.7,35.1,8871,1125),
	 ('Vermont',2019,623989,204.3,11.4,1275,71),
	 ('Virginia',2019,8535519,162.8,41.3,13900,3524),
	 ('Washington',2019,7614893,453.6,67.6,34540,5147),
	 ('West Virginia',2019,1792147,328.7,21.1,5891,378),
	 ('Wisconsin',2019,5822434,217.6,51.4,12667,2991),
	 ('Wyoming',2019,578759,241.2,11.6,1396,67),
	 ('Alabama',2010,4785401,887.8,101.6,42484,4864),
	 ('Alaska',2010,714146,434.8,83.2,3105,594),
	 ('Arizona',2010,6413158,794.2,108.4,50932,6953),
	 ('Arkansas',2010,2921588,1111.1,81.1,32463,2369),
	 ('California',2010,37338198,612.9,155.6,228857,58116),
	 ('Colorado',2010,5047692,519.0,62.7,26196,3164),
	 ('Connecticut',2010,3575498,423.6,99.4,15145,3553),
	 ('Delaware',2010,899792,839.1,204.4,7550,1839),
	 ('District of Columbia',2010,604912,699.8,715.0,4233,4325),
	 ('Florida',2010,18838613,897.7,138.5,169119,26086),
	 ('Georgia',2010,9712157,998.2,127.4,96947,12372),
	 ('Hawaii',2010,1363359,638.6,78.1,8706,1065),
	 ('Idaho',2010,1571102,414.5,13.6,6513,213),
	 ('Illinois',2010,12841980,603.3,158.7,77472,20386),
	 ('Indiana',2010,6490622,748.3,101.1,48570,6559),
	 ('Iowa',2010,3050202,549.0,33.2,16746,1012),
	 ('Kansas',2010,2859143,675.6,53.8,19315,1538),
	 ('Kentucky',2010,4347223,700.3,86.2,30443,3748),
	 ('Louisiana',2010,4545343,999.6,116.5,45437,5297),
	 ('Maine',2010,1327379,554.8,31.0,7364,412),
	 ('Maryland',2010,5785681,634.4,191.1,36704,11054),
	 ('Massachusetts',2010,6555466,578.2,105.2,37903,6897),
	 ('Michigan',2010,9877143,752.7,116.7,74345,11522),
	 ('Minnesota',2010,5310658,459.7,63.8,24415,3388),
	 ('Mississippi',2010,2970072,1025.3,93.5,30453,2777),
	 ('Missouri',2010,5995715,737.1,103.2,44197,6185),
	 ('Montana',2010,990958,372.6,15.5,3692,154),
	 ('Nebraska',2010,1830141,454.5,55.7,8318,1020),
	 ('Nevada',2010,2704283,824.1,195.9,22286,5298),
	 ('New Hampshire',2010,1316807,413.4,34.2,5444,450),
	 ('New Jersey',2010,8799593,440.2,134.3,38732,11818),
	 ('New Mexico',2010,2065913,1017.6,78.2,21023,1616),
	 ('New York',2010,19395206,339.5,147.6,65839,28630),
	 ('North Carolina',2010,9560234,1075.6,100.6,102826,9620),
	 ('North Dakota',2010,674629,296.5,13.3,2000,90),
	 ('Ohio',2010,11537968,928.5,142.9,107125,16486),
	 ('Oklahoma',2010,3760184,1006.5,89.0,37848,3345),
	 ('Oregon',2010,3838332,522.0,63.1,20035,2421),
	 ('Pennsylvania',2010,12717722,434.1,128.8,55206,16375),
	 ('Rhode Island',2010,1052528,581.8,74.3,6124,782),
	 ('South Carolina',2010,4637106,997.6,108.2,46261,5017),
	 ('South Dakota',2010,816598,390.9,18.9,3192,154),
	 ('Tennessee',2010,6357436,1011.3,131.5,64293,8361),
	 ('Texas',2010,25253466,905.2,130.1,228597,32843),
	 ('United States',2010,309330219,701.0,119.3,2168459,369089),
	 ('Utah',2010,2775479,543.9,45.7,15095,1269),
	 ('Vermont',2010,625909,534.9,12.1,3348,76),
	 ('Virginia',2010,8023953,383.9,70.8,30804,5678),
	 ('Washington',2010,6742950,818.5,87.9,55192,5929),
	 ('West Virginia',2010,1854368,581.2,41.8,10778,776),
	 ('Wisconsin',2010,5691659,468.0,79.3,26636,4516),
	 ('Wyoming',2010,564554,381.0,13.6,2151,77),
	 ('Alabama',2014,4849377,3177.6,29.6,154094,1436),
	 ('Alaska',2014,736732,2760.0,75.3,20334,555),
	 ('Arizona',2014,6731484,3197.5,36.6,215240,2464),
	 ('Arkansas',2014,2966369,3338.0,39.8,99018,1182),
	 ('California',2014,38802500,2441.1,21.6,947192,8398),
	 ('Colorado',2014,5355866,2530.1,39.6,135510,2121),
	 ('Connecticut',2014,3596677,1920.4,15.9,69070,571),
	 ('Delaware',2014,935614,2982.0,26.6,27900,249),
	 ('District of Columbia',2014,658893,5182.5,53.4,34147,352),
	 ('Florida',2014,19893297,3415.5,30.4,679446,6051),
	 ('Georgia',2014,10097343,3281.2,21.4,331316,2159),
	 ('Hawaii',2014,1419561,3050.0,22.1,43297,314),
	 ('Idaho',2014,1634464,1854.8,28.6,30316,468),
	 ('Illinois',2014,12880580,2075.9,23.9,267385,3081),
	 ('Indiana',2014,6596855,2649.4,24.5,174776,1615),
	 ('Iowa',2014,3107126,2093.8,26.6,65056,828),
	 ('Kansas',2014,2904021,2735.2,37.0,79431,1075),
	 ('Kentucky',2014,4413457,2246.9,20.0,99166,883),
	 ('Louisiana',2014,4649676,3458.8,21.3,160824,992),
	 ('Maine',2014,1330089,1986.4,27.1,26421,360),
	 ('Maryland',2014,5976407,2507.5,19.1,149859,1144),
	 ('Massachusetts',2014,6745408,1857.1,24.1,125267,1629),
	 ('Michigan',2014,9909877,2043.9,40.9,202547,4049),
	 ('Minnesota',2014,5457173,2297.5,26.6,125377,1452),
	 ('Mississippi',2014,2994079,2921.2,25.5,87462,764),
	 ('Missouri',2014,6063589,2906.5,28.1,176237,1706),
	 ('Montana',2014,1023579,2472.9,42.0,25312,430),
	 ('Nebraska',2014,1881503,2523.5,33.0,47479,620),
	 ('Nevada',2014,2839099,2625.4,35.0,74538,995),
	 ('New Hampshire',2014,1326813,1962.7,34.5,26041,458),
	 ('New Jersey',2014,8938175,1734.1,10.7,154993,953),
	 ('New Mexico',2014,2085572,3542.3,51.4,73877,1071),
	 ('New York',2014,19746227,1718.2,19.8,339282,3918),
	 ('North Carolina',2014,9943964,2873.1,17.5,285697,1740),
	 ('North Dakota',2014,739482,2110.3,37.3,15605,276),
	 ('Ohio',2014,11594163,2799.1,35.3,324528,4097),
	 ('Oklahoma',2014,3878051,2990.7,32.9,115982,1277),
	 ('Oregon',2014,3970239,2879.0,26.5,114305,1052),
	 ('Pennsylvania',2014,12787209,1931.7,21.8,247016,2787),
	 ('Rhode Island',2014,1055173,2173.6,24.0,22935,253),
	 ('South Carolina',2014,4832482,3460.3,30.6,167217,1480),
	 ('South Dakota',2014,853175,1863.9,48.4,15902,413),
	 ('Tennessee',2014,6549352,3060.6,28.4,200447,1861),
	 ('Texas',2014,26956958,3019.4,30.6,813934,8236),
	 ('United States',2014,318857056,2596.1,26.4,8277829,84041),
	 ('Utah',2014,2942902,2878.5,32.1,84711,945),
	 ('Vermont',2014,626562,1524.4,15.8,9551,99),
	 ('Virginia',2014,8326289,1930.3,17.2,160720,1432),
	 ('Washington',2014,7061530,3706.1,30.7,261706,2171),
	 ('West Virginia',2014,1850326,2034.7,15.4,37648,285),
	 ('Wisconsin',2014,5757564,2088.3,20.3,120238,1168),
	 ('Wyoming',2014,584153,1964.7,21.6,11477,126);

	-- state_workforce definition

CREATE TABLE state_workforce (
	State VARCHAR(50),
	Population_Percent_Change REAL,
	Population_2014 INTEGER,
	Population_2010 INTEGER,
	Education_High_School_or_Higher REAL,
	Education_Bachelors_Degree_or_Higher REAL,
	Sales_Retail_Sales INTEGER,
	Mean_Travel_Time_to_Work REAL,
	Income_Median_Household_Income INTEGER,
	Income_Per_Capita_Income INTEGER,
	Income_Persons_Below_Poverty_Level REAL
);

INSERT INTO state_workforce (State,Population_Percent_Change,Population_2014,Population_2010,Education_High_School_or_Higher,Education_Bachelors_Degree_or_Higher,Sales_Retail_Sales,Mean_Travel_Time_to_Work,Income_Median_Household_Income,Income_Per_Capita_Income,Income_Persons_Below_Poverty_Level) VALUES
	 ('Alabama',2.6,5024279,4779736,86.2,25.5,58564965,24.9,50536,27928,15.5),
	 ('Alaska',3.0,733391,710231,92.8,29.6,10474275,19.1,77640,36787,10.1),
	 ('Arizona',13.9,7151502,6392017,87.1,29.5,84716542,25.7,58945,30694,13.5),
	 ('Arkansas',3.5,3011524,2915918,86.6,23.0,36815256,21.7,47597,26577,16.2),
	 ('California',6.1,39538223,37253956,83.3,33.9,481800461,29.8,75235,36955,11.8),
	 ('Colorado',14.5,5773714,5029196,91.7,40.9,67815200,25.8,72331,38226,9.3),
	 ('Connecticut',-10.2,3605944,3574097,90.6,39.3,51632467,26.6,78444,44496,10.0),
	 ('Delaware',8.4,989948,897934,90.0,32.0,14456001,26.3,68287,35450,11.3),
	 ('District of Columbia',17.3,689545,601723,90.9,58.5,4439933,30.8,86420,56147,13.5),
	 ('Florida',14.2,21538187,18801310,88.2,29.9,273867145,27.8,55660,31619,12.7),
	 ('Georgia',9.6,10711908,9687653,87.1,31.3,119801495,28.8,58700,31067,13.3),
	 ('Hawaii',4.1,1455271,1360301,92.0,33.0,18901745,27.5,81275,35567,9.3),
	 ('Idaho',14.0,1839106,1567582,90.8,27.6,20444278,21.1,55785,27970,11.2),
	 ('Illinois',-11.2,12812508,12830632,89.2,34.7,166634514,29.2,65886,36038,11.5),
	 ('Indiana',3.8,6785528,6483802,88.8,26.5,85857962,23.8,56303,29777,11.9),
	 ('Iowa',3.6,3190369,3046355,92.1,28.6,44905624,19.3,60523,32176,11.2),
	 ('Kansas',2.1,2937880,2853118,91.0,33.4,38276461,19.4,59597,31814,11.4),
	 ('Kentucky',3.0,4505836,4339367,86.3,24.2,54869978,23.6,50589,28178,16.3),
	 ('Louisiana',2.5,4657757,4533372,85.2,24.1,61396364,25.7,49469,27923,19.0),
	 ('Maine',1.2,1362359,1328361,92.6,31.8,21521714,24.2,57918,32637,10.9),
	 ('Maryland',4.7,6177224,5773552,90.2,40.2,76379707,33.2,84805,42122,9.0),
	 ('Massachusetts',5.3,7029917,6547629,90.8,43.7,92915380,30.2,81215,43761,9.4),
	 ('Michigan',1.0,10077331,9883640,90.8,29.1,119302046,24.6,57144,31713,13.0),
	 ('Minnesota',6.3,5706494,5303925,93.1,36.1,78898182,23.7,71306,37625,9.0),
	 ('Mississippi',0.3,2961279,2967297,84.5,22.0,37053190,24.8,45081,24369,19.6),
	 ('Missouri',2.5,6154913,5988927,89.9,29.2,90546581,23.9,55461,30810,12.9),
	 ('Montana',8.0,1084225,989415,93.6,32.0,15623573,18.3,54970,31151,12.6),
	 ('Nebraska',5.9,1961504,1826341,91.4,31.9,30470717,18.8,61439,32302,9.9),
	 ('Nevada',14.1,3104614,2700551,86.7,24.7,38234170,24.6,60365,31557,12.5),
	 ('New Hampshire',3.3,1377529,1316470,93.1,37.0,26018201,27.5,76768,40003,7.3),
	 ('New Jersey',1.0,9288994,8791894,89.8,39.7,133665728,32.2,82545,42745,9.2),
	 ('New Mexico',1.8,2117522,2059179,85.6,27.3,25179274,22.3,49754,27230,18.2),
	 ('New York',0.4,20201249,19378102,86.8,36.6,251167736,33.6,68486,39326,13.0),
	 ('North Carolina',10.0,10439388,9535483,87.8,31.3,120691007,24.8,54602,30783,13.6),
	 ('North Dakota',13.3,779094,672591,92.6,30.0,15519816,17.3,64894,36062,10.6),
	 ('Ohio',1.3,11799448,11536504,90.4,28.3,153553997,23.7,56602,31552,13.1),
	 ('Oklahoma',5.5,3959353,3751351,88.0,25.5,50256231,21.9,52919,28422,15.2),
	 ('Oregon',10.1,4237256,3831074,90.7,33.7,49481054,23.9,62818,33763,11.4),
	 ('Pennsylvania',0.8,13002700,12702379,90.5,31.4,178794945,27.2,61744,34352,12.0),
	 ('Rhode Island',0.6,1097379,1052567,88.8,34.2,12063865,25.2,67167,36121,10.8),
	 ('South Carolina',11.3,5118425,4625364,87.5,28.1,58093824,25.0,53199,29426,13.8),
	 ('South Dakota',8.7,886667,814180,91.7,28.8,13791827,17.2,58275,30773,11.9),
	 ('Tennessee',7.6,6910840,6346105,87.5,27.3,91641605,25.2,53320,29859,13.9),
	 ('Texas',15.3,29145505,25145561,83.7,29.9,356116376,26.6,61874,31277,13.6),
	 ('Utah',16.0,3271616,2763885,92.3,34.0,38024486,21.9,71621,29775,8.9),
	 ('Vermont',-10.3,643077,625741,92.7,38.0,9933751,23.3,61973,34577,10.2),
	 ('Virginia',6.7,8631393,8001024,89.7,38.8,110002385,28.7,74222,39278,9.9),
	 ('Washington',13.2,7705281,6724540,91.3,36.0,118924049,28.0,73775,38915,9.8),
	 ('West Virginia',-13.3,1793716,1852994,86.9,20.6,22637923,25.9,46711,26480,16.0),
	 ('Wisconsin',2.4,5893718,5686986,92.2,30.1,78201822,22.2,61747,33375,10.4),
	 ('Wyoming',2.7,576851,563626,93.2,27.4,9446043,17.9,64049,33366,10.1);

	

